time,generation solar
2015-01-01 00:00:00+00:00,2063.769230769231
2015-01-02 00:00:00+00:00,2237.769230769231
2015-01-03 00:00:00+00:00,1959.3846153846155
2015-01-04 00:00:00+00:00,3874.923076923077
2015-01-05 00:00:00+00:00,1817.7142857142858
2015-01-06 00:00:00+00:00,3579.6153846153848
2015-01-07 00:00:00+00:00,3268.5384615384614
2015-01-08 00:00:00+00:00,3719.846153846154
2015-01-09 00:00:00+00:00,2797.5384615384614
2015-01-10 00:00:00+00:00,3125.5384615384614
2015-01-11 00:00:00+00:00,1136.3846153846155
2015-01-12 00:00:00+00:00,1601.6153846153845
2015-01-13 00:00:00+00:00,1603.2307692307693
2015-01-14 00:00:00+00:00,1323.3846153846155
2015-01-15 00:00:00+00:00,1041.2307692307693
2015-01-16 00:00:00+00:00,1194.6923076923076
2015-01-17 00:00:00+00:00,1787.4615384615386
2015-01-18 00:00:00+00:00,409.7692307692308
2015-01-19 00:00:00+00:00,1324.1666666666667
2015-01-20 00:00:00+00:00,819.0769230769231
2015-01-21 00:00:00+00:00,1052.6153846153845
2015-01-22 00:00:00+00:00,1402.076923076923
2015-01-23 00:00:00+00:00,2153.0
2015-01-24 00:00:00+00:00,2360.846153846154
2015-01-25 00:00:00+00:00,2483.6153846153848
2015-01-26 00:00:00+00:00,2380.3846153846152
2015-01-27 00:00:00+00:00,2190.3333333333335
2015-01-28 00:00:00+00:00,2107.3333333333335
2015-01-29 00:00:00+00:00,1156.8461538461538
2015-01-30 00:00:00+00:00,617.5384615384615
2015-01-31 00:00:00+00:00,1293.076923076923
2015-02-01 00:00:00+00:00,1948.7692307692307
2015-02-02 00:00:00+00:00,735.9230769230769
2015-02-03 00:00:00+00:00,2178.923076923077
2015-02-04 00:00:00+00:00,3772.3076923076924
2015-02-05 00:00:00+00:00,3376.153846153846
2015-02-06 00:00:00+00:00,3910.0
2015-02-07 00:00:00+00:00,3515.0
2015-02-08 00:00:00+00:00,3732.3076923076924
2015-02-09 00:00:00+00:00,2879.3846153846152
2015-02-10 00:00:00+00:00,2862.923076923077
2015-02-11 00:00:00+00:00,470.6923076923077
2015-02-12 00:00:00+00:00,1249.4615384615386
2015-02-13 00:00:00+00:00,1930.923076923077
2015-02-14 00:00:00+00:00,717.8461538461538
2015-02-15 00:00:00+00:00,950.3846153846154
2015-02-16 00:00:00+00:00,1070.1538461538462
2015-02-17 00:00:00+00:00,1032.6923076923076
2015-02-18 00:00:00+00:00,2069.6153846153848
2015-02-19 00:00:00+00:00,2606.3076923076924
2015-02-20 00:00:00+00:00,1760.4615384615386
2015-02-21 00:00:00+00:00,1489.7692307692307
2015-02-22 00:00:00+00:00,2481.923076923077
2015-02-23 00:00:00+00:00,1002.9230769230769
2015-02-24 00:00:00+00:00,2544.153846153846
2015-02-25 00:00:00+00:00,2426.3846153846152
2015-02-26 00:00:00+00:00,1968.923076923077
2015-02-27 00:00:00+00:00,2783.6923076923076
2015-02-28 00:00:00+00:00,2185.5384615384614
2015-03-01 00:00:00+00:00,2064.230769230769
2015-03-02 00:00:00+00:00,922.1538461538462
2015-03-03 00:00:00+00:00,2275.6923076923076
2015-03-04 00:00:00+00:00,2915.4615384615386
2015-03-05 00:00:00+00:00,1443.6923076923076
2015-03-06 00:00:00+00:00,3797.153846153846
2015-03-07 00:00:00+00:00,3823.5384615384614
2015-03-08 00:00:00+00:00,2560.076923076923
2015-03-09 00:00:00+00:00,2684.5384615384614
2015-03-10 00:00:00+00:00,1176.923076923077
2015-03-11 00:00:00+00:00,792.7692307692307
2015-03-12 00:00:00+00:00,1818.6923076923076
2015-03-13 00:00:00+00:00,2833.153846153846
2015-03-14 00:00:00+00:00,3083.0
2015-03-15 00:00:00+00:00,3069.3076923076924
2015-03-16 00:00:00+00:00,3292.230769230769
2015-03-17 00:00:00+00:00,1277.0
2015-03-18 00:00:00+00:00,588.3846153846154
2015-03-19 00:00:00+00:00,841.7692307692307
2015-03-20 00:00:00+00:00,656.0
2015-03-21 00:00:00+00:00,728.4615384615385
2015-03-22 00:00:00+00:00,936.0769230769231
2015-03-23 00:00:00+00:00,841.3076923076923
2015-03-24 00:00:00+00:00,951.9230769230769
2015-03-25 00:00:00+00:00,2627.6923076923076
2015-03-26 00:00:00+00:00,1711.0
2015-03-27 00:00:00+00:00,3359.153846153846
2015-03-28 00:00:00+00:00,3767.923076923077
2015-03-29 00:00:00+00:00,2957.4615384615386
2015-03-30 00:00:00+00:00,3596.846153846154
2015-03-31 00:00:00+00:00,3927.846153846154
2015-04-01 00:00:00+00:00,2084.769230769231
2015-04-02 00:00:00+00:00,1675.923076923077
2015-04-03 00:00:00+00:00,2473.923076923077
2015-04-04 00:00:00+00:00,3041.6153846153848
2015-04-05 00:00:00+00:00,1283.076923076923
2015-04-06 00:00:00+00:00,4182.846153846154
2015-04-07 00:00:00+00:00,3781.076923076923
2015-04-08 00:00:00+00:00,3747.3076923076924
2015-04-09 00:00:00+00:00,2465.4615384615386
2015-04-10 00:00:00+00:00,897.8461538461538
2015-04-11 00:00:00+00:00,1091.3076923076924
2015-04-12 00:00:00+00:00,1621.076923076923
2015-04-13 00:00:00+00:00,3424.5384615384614
2015-04-14 00:00:00+00:00,1909.076923076923
2015-04-15 00:00:00+00:00,1155.0
2015-04-16 00:00:00+00:00,1680.4166666666667
2015-04-17 00:00:00+00:00,2597.3846153846152
2015-04-18 00:00:00+00:00,2915.6923076923076
2015-04-19 00:00:00+00:00,3353.769230769231
2015-04-20 00:00:00+00:00,3764.769230769231
2015-04-21 00:00:00+00:00,2917.6153846153848
2015-04-22 00:00:00+00:00,2719.4615384615386
2015-04-23 00:00:00+00:00,3463.076923076923
2015-04-24 00:00:00+00:00,1699.7692307692307
2015-04-25 00:00:00+00:00,1192.923076923077
2015-04-26 00:00:00+00:00,1185.4615384615386
2015-04-27 00:00:00+00:00,1988.0
2015-04-28 00:00:00+00:00,3564.153846153846
2015-04-29 00:00:00+00:00,3793.153846153846
2015-04-30 00:00:00+00:00,3823.3076923076924
2015-05-01 00:00:00+00:00,1809.1538461538462
2015-05-02 00:00:00+00:00,2364.5384615384614
2015-05-03 00:00:00+00:00,3277.4615384615386
2015-05-04 00:00:00+00:00,3345.4615384615386
2015-05-05 00:00:00+00:00,2480.076923076923
2015-05-06 00:00:00+00:00,4102.0
2015-05-07 00:00:00+00:00,3759.5384615384614
2015-05-08 00:00:00+00:00,3777.3846153846152
2015-05-09 00:00:00+00:00,1697.3076923076924
2015-05-10 00:00:00+00:00,718.4615384615385
2015-05-11 00:00:00+00:00,1277.3846153846155
2015-05-12 00:00:00+00:00,1645.6153846153845
2015-05-13 00:00:00+00:00,2695.3846153846152
2015-05-14 00:00:00+00:00,3240.923076923077
2015-05-15 00:00:00+00:00,4105.307692307692
2015-05-16 00:00:00+00:00,4190.692307692308
2015-05-17 00:00:00+00:00,4284.538461538462
2015-05-18 00:00:00+00:00,3648.769230769231
2015-05-19 00:00:00+00:00,3223.769230769231
2015-05-20 00:00:00+00:00,3714.230769230769
2015-05-21 00:00:00+00:00,3968.153846153846
2015-05-22 00:00:00+00:00,4027.846153846154
2015-05-23 00:00:00+00:00,4004.0
2015-05-24 00:00:00+00:00,2646.230769230769
2015-05-25 00:00:00+00:00,3134.0
2015-05-26 00:00:00+00:00,4018.4615384615386
2015-05-27 00:00:00+00:00,4195.153846153846
2015-05-28 00:00:00+00:00,4014.153846153846
2015-05-29 00:00:00+00:00,2851.5384615384614
2015-05-30 00:00:00+00:00,3653.4615384615386
2015-05-31 00:00:00+00:00,3889.6923076923076
2015-06-01 00:00:00+00:00,1139.923076923077
2015-06-02 00:00:00+00:00,2121.923076923077
2015-06-03 00:00:00+00:00,3632.846153846154
2015-06-04 00:00:00+00:00,1915.076923076923
2015-06-05 00:00:00+00:00,4029.230769230769
2015-06-06 00:00:00+00:00,3668.230769230769
2015-06-07 00:00:00+00:00,3870.6923076923076
2015-06-08 00:00:00+00:00,2888.6153846153848
2015-06-09 00:00:00+00:00,2354.5384615384614
2015-06-10 00:00:00+00:00,1756.5384615384614
2015-06-11 00:00:00+00:00,2429.5384615384614
2015-06-12 00:00:00+00:00,1450.8461538461538
2015-06-13 00:00:00+00:00,2484.0
2015-06-14 00:00:00+00:00,1977.3076923076924
2015-06-15 00:00:00+00:00,2032.0
2015-06-16 00:00:00+00:00,3722.6153846153848
2015-06-17 00:00:00+00:00,4253.461538461538
2015-06-18 00:00:00+00:00,4327.923076923077
2015-06-19 00:00:00+00:00,4289.307692307692
2015-06-20 00:00:00+00:00,4312.307692307692
2015-06-21 00:00:00+00:00,3790.076923076923
2015-06-22 00:00:00+00:00,3561.153846153846
2015-06-23 00:00:00+00:00,3822.6923076923076
2015-06-24 00:00:00+00:00,4005.230769230769
2015-06-25 00:00:00+00:00,4202.2307692307695
2015-06-26 00:00:00+00:00,4256.461538461538
2015-06-27 00:00:00+00:00,4209.923076923077
2015-06-28 00:00:00+00:00,4176.307692307692
2015-06-29 00:00:00+00:00,4135.461538461538
2015-06-30 00:00:00+00:00,3793.6923076923076
2015-07-01 00:00:00+00:00,1267.4615384615386
2015-07-02 00:00:00+00:00,1155.5384615384614
2015-07-03 00:00:00+00:00,3611.6153846153848
2015-07-04 00:00:00+00:00,2516.230769230769
2015-07-05 00:00:00+00:00,4028.923076923077
2015-07-06 00:00:00+00:00,3483.6153846153848
2015-07-07 00:00:00+00:00,3512.846153846154
2015-07-08 00:00:00+00:00,1903.923076923077
2015-07-09 00:00:00+00:00,2073.846153846154
2015-07-10 00:00:00+00:00,2520.3076923076924
2015-07-11 00:00:00+00:00,2538.230769230769
2015-07-12 00:00:00+00:00,509.0769230769231
2015-07-13 00:00:00+00:00,4182.307692307692
2015-07-14 00:00:00+00:00,4136.076923076923
2015-07-15 00:00:00+00:00,3870.230769230769
2015-07-16 00:00:00+00:00,3428.4615384615386
2015-07-17 00:00:00+00:00,2224.0
2015-07-18 00:00:00+00:00,3543.076923076923
2015-07-19 00:00:00+00:00,3673.769230769231
2015-07-20 00:00:00+00:00,3960.230769230769
2015-07-21 00:00:00+00:00,3905.153846153846
2015-07-22 00:00:00+00:00,3973.5384615384614
2015-07-23 00:00:00+00:00,3997.3846153846152
2015-07-24 00:00:00+00:00,4040.3846153846152
2015-07-25 00:00:00+00:00,4129.615384615385
2015-07-26 00:00:00+00:00,4026.923076923077
2015-07-27 00:00:00+00:00,4089.3846153846152
2015-07-28 00:00:00+00:00,3990.3846153846152
2015-07-29 00:00:00+00:00,3848.6923076923076
2015-07-30 00:00:00+00:00,3686.076923076923
2015-07-31 00:00:00+00:00,2983.076923076923
2015-08-01 00:00:00+00:00,1585.8461538461538
2015-08-02 00:00:00+00:00,2384.769230769231
2015-08-03 00:00:00+00:00,3098.153846153846
2015-08-04 00:00:00+00:00,1742.3076923076924
2015-08-05 00:00:00+00:00,3131.3846153846152
2015-08-06 00:00:00+00:00,3193.923076923077
2015-08-07 00:00:00+00:00,3947.4615384615386
2015-08-08 00:00:00+00:00,1386.5384615384614
2015-08-09 00:00:00+00:00,3246.230769230769
2015-08-10 00:00:00+00:00,2651.230769230769
2015-08-11 00:00:00+00:00,2301.6923076923076
2015-08-12 00:00:00+00:00,708.6923076923077
2015-08-13 00:00:00+00:00,3676.923076923077
2015-08-14 00:00:00+00:00,3525.076923076923
2015-08-15 00:00:00+00:00,3273.0
2015-08-16 00:00:00+00:00,3323.846153846154
2015-08-17 00:00:00+00:00,3487.3846153846152
2015-08-18 00:00:00+00:00,3634.230769230769
2015-08-19 00:00:00+00:00,3615.923076923077
2015-08-20 00:00:00+00:00,3715.076923076923
2015-08-21 00:00:00+00:00,3013.769230769231
2015-08-22 00:00:00+00:00,3093.230769230769
2015-08-23 00:00:00+00:00,3029.846153846154
2015-08-24 00:00:00+00:00,2851.769230769231
2015-08-25 00:00:00+00:00,3893.076923076923
2015-08-26 00:00:00+00:00,3620.153846153846
2015-08-27 00:00:00+00:00,3553.230769230769
2015-08-28 00:00:00+00:00,3733.3846153846152
2015-08-29 00:00:00+00:00,2958.6923076923076
2015-08-30 00:00:00+00:00,2410.230769230769
2015-08-31 00:00:00+00:00,1687.7692307692307
2015-09-01 00:00:00+00:00,2048.4615384615386
2015-09-02 00:00:00+00:00,2316.6923076923076
2015-09-03 00:00:00+00:00,3347.076923076923
2015-09-04 00:00:00+00:00,1164.5384615384614
2015-09-05 00:00:00+00:00,3865.3846153846152
2015-09-06 00:00:00+00:00,2898.846153846154
2015-09-07 00:00:00+00:00,4082.846153846154
2015-09-08 00:00:00+00:00,2168.5384615384614
2015-09-09 00:00:00+00:00,2863.076923076923
2015-09-10 00:00:00+00:00,2376.4615384615386
2015-09-11 00:00:00+00:00,2332.5384615384614
2015-09-12 00:00:00+00:00,800.9230769230769
2015-09-13 00:00:00+00:00,2960.3076923076924
2015-09-14 00:00:00+00:00,2757.3076923076924
2015-09-15 00:00:00+00:00,1996.2307692307693
2015-09-16 00:00:00+00:00,1440.1538461538462
2015-09-17 00:00:00+00:00,3210.923076923077
2015-09-18 00:00:00+00:00,3568.230769230769
2015-09-19 00:00:00+00:00,3528.846153846154
2015-09-20 00:00:00+00:00,3635.0
2015-09-21 00:00:00+00:00,3063.076923076923
2015-09-22 00:00:00+00:00,3605.230769230769
2015-09-23 00:00:00+00:00,3346.5384615384614
2015-09-24 00:00:00+00:00,3357.3076923076924
2015-09-25 00:00:00+00:00,3091.3846153846152
2015-09-26 00:00:00+00:00,2703.153846153846
2015-09-27 00:00:00+00:00,2969.5384615384614
2015-09-28 00:00:00+00:00,2397.076923076923
2015-09-29 00:00:00+00:00,1822.923076923077
2015-09-30 00:00:00+00:00,2841.230769230769
2015-10-01 00:00:00+00:00,1766.5384615384614
2015-10-02 00:00:00+00:00,1168.0833333333333
2015-10-03 00:00:00+00:00,3517.076923076923
2015-10-04 00:00:00+00:00,2076.5384615384614
2015-10-05 00:00:00+00:00,3904.5384615384614
2015-10-06 00:00:00+00:00,2199.769230769231
2015-10-07 00:00:00+00:00,4093.5384615384614
2015-10-08 00:00:00+00:00,3027.153846153846
2015-10-09 00:00:00+00:00,3006.230769230769
2015-10-10 00:00:00+00:00,1542.923076923077
2015-10-11 00:00:00+00:00,2309.6923076923076
2015-10-12 00:00:00+00:00,870.7692307692307
2015-10-13 00:00:00+00:00,1212.1538461538462
2015-10-14 00:00:00+00:00,2609.230769230769
2015-10-15 00:00:00+00:00,3013.3846153846152
2015-10-16 00:00:00+00:00,1905.8461538461538
2015-10-17 00:00:00+00:00,1076.6153846153845
2015-10-18 00:00:00+00:00,638.3076923076923
2015-10-19 00:00:00+00:00,921.5384615384615
2015-10-20 00:00:00+00:00,918.6923076923077
2015-10-21 00:00:00+00:00,2370.3846153846152
2015-10-22 00:00:00+00:00,2998.153846153846
2015-10-23 00:00:00+00:00,1388.7692307692307
2015-10-24 00:00:00+00:00,642.3076923076923
2015-10-25 00:00:00+00:00,1225.6923076923076
2015-10-26 00:00:00+00:00,714.3846153846154
2015-10-27 00:00:00+00:00,1227.923076923077
2015-10-28 00:00:00+00:00,1231.3076923076924
2015-10-29 00:00:00+00:00,2134.076923076923
2015-10-30 00:00:00+00:00,2342.153846153846
2015-10-31 00:00:00+00:00,1195.0
2015-11-01 00:00:00+00:00,1628.0
2015-11-02 00:00:00+00:00,1142.3846153846155
2015-11-03 00:00:00+00:00,3594.4615384615386
2015-11-04 00:00:00+00:00,1804.923076923077
2015-11-05 00:00:00+00:00,3866.923076923077
2015-11-06 00:00:00+00:00,1400.6923076923076
2015-11-07 00:00:00+00:00,4035.846153846154
2015-11-08 00:00:00+00:00,2801.769230769231
2015-11-09 00:00:00+00:00,3179.6923076923076
2015-11-10 00:00:00+00:00,1034.923076923077
2015-11-11 00:00:00+00:00,2268.0
2015-11-12 00:00:00+00:00,870.4615384615385
2015-11-13 00:00:00+00:00,2017.6153846153845
2015-11-14 00:00:00+00:00,2061.6153846153848
2015-11-15 00:00:00+00:00,1928.6923076923076
2015-11-16 00:00:00+00:00,1910.1538461538462
2015-11-17 00:00:00+00:00,1817.923076923077
2015-11-18 00:00:00+00:00,1922.3076923076924
2015-11-19 00:00:00+00:00,1853.6153846153845
2015-11-20 00:00:00+00:00,1602.3846153846155
2015-11-21 00:00:00+00:00,1072.7692307692307
2015-11-22 00:00:00+00:00,1521.0
2015-11-23 00:00:00+00:00,2087.153846153846
2015-11-24 00:00:00+00:00,1874.8461538461538
2015-11-25 00:00:00+00:00,1544.4615384615386
2015-11-26 00:00:00+00:00,1899.7692307692307
2015-11-27 00:00:00+00:00,2003.923076923077
2015-11-28 00:00:00+00:00,2041.3076923076924
2015-11-29 00:00:00+00:00,2207.230769230769
2015-11-30 00:00:00+00:00,2104.3076923076924
2015-12-01 00:00:00+00:00,1514.7692307692307
2015-12-02 00:00:00+00:00,1365.25
2015-12-03 00:00:00+00:00,3398.6153846153848
2015-12-04 00:00:00+00:00,2635.076923076923
2015-12-05 00:00:00+00:00,3601.153846153846
2015-12-06 00:00:00+00:00,2335.153846153846
2015-12-07 00:00:00+00:00,4040.846153846154
2015-12-08 00:00:00+00:00,2337.6923076923076
2015-12-09 00:00:00+00:00,2048.4615384615386
2015-12-10 00:00:00+00:00,1253.6923076923076
2015-12-11 00:00:00+00:00,2097.846153846154
2015-12-12 00:00:00+00:00,796.3846153846154
2015-12-13 00:00:00+00:00,612.9230769230769
2015-12-14 00:00:00+00:00,534.3846153846154
2015-12-15 00:00:00+00:00,1138.6153846153845
2015-12-16 00:00:00+00:00,1124.6153846153845
2015-12-17 00:00:00+00:00,944.3076923076923
2015-12-18 00:00:00+00:00,1113.5384615384614
2015-12-19 00:00:00+00:00,1568.4615384615386
2015-12-20 00:00:00+00:00,892.6923076923077
2015-12-21 00:00:00+00:00,1283.8461538461538
2015-12-22 00:00:00+00:00,1368.0
2015-12-23 00:00:00+00:00,1011.6153846153846
2015-12-24 00:00:00+00:00,965.0769230769231
2015-12-25 00:00:00+00:00,1363.3846153846155
2015-12-26 00:00:00+00:00,1202.1538461538462
2015-12-27 00:00:00+00:00,1062.0
2015-12-28 00:00:00+00:00,692.7692307692307
2015-12-29 00:00:00+00:00,989.3846153846154
2015-12-30 00:00:00+00:00,1093.0
2015-12-31 00:00:00+00:00,466.84615384615387
2016-01-01 00:00:00+00:00,665.4615384615385
2016-01-02 00:00:00+00:00,2114.6153846153848
2016-01-03 00:00:00+00:00,3283.153846153846
2016-01-04 00:00:00+00:00,3631.923076923077
2016-01-05 00:00:00+00:00,4224.0
2016-01-06 00:00:00+00:00,4301.076923076923
2016-01-07 00:00:00+00:00,3911.6153846153848
2016-01-08 00:00:00+00:00,3831.6153846153848
2016-01-09 00:00:00+00:00,3340.6153846153848
2016-01-10 00:00:00+00:00,2829.6153846153848
2016-01-11 00:00:00+00:00,1445.1538461538462
2016-01-12 00:00:00+00:00,542.9230769230769
2016-01-13 00:00:00+00:00,1386.8461538461538
2016-01-14 00:00:00+00:00,451.38461538461536
2016-01-15 00:00:00+00:00,970.9230769230769
2016-01-16 00:00:00+00:00,2138.846153846154
2016-01-17 00:00:00+00:00,1035.4615384615386
2016-01-18 00:00:00+00:00,1032.2307692307693
2016-01-19 00:00:00+00:00,846.3076923076923
2016-01-20 00:00:00+00:00,839.6923076923077
2016-01-21 00:00:00+00:00,797.1538461538462
2016-01-22 00:00:00+00:00,681.0769230769231
2016-01-23 00:00:00+00:00,1163.4615384615386
2016-01-24 00:00:00+00:00,1645.6153846153845
2016-01-25 00:00:00+00:00,972.3846153846154
2016-01-26 00:00:00+00:00,803.1538461538462
2016-01-27 00:00:00+00:00,977.4615384615385
2016-01-28 00:00:00+00:00,686.9230769230769
2016-01-29 00:00:00+00:00,705.2307692307693
2016-01-30 00:00:00+00:00,1575.8461538461538
2016-01-31 00:00:00+00:00,1652.0
2016-02-01 00:00:00+00:00,979.3846153846154
2016-02-02 00:00:00+00:00,1288.3076923076924
2016-02-03 00:00:00+00:00,2971.153846153846
2016-02-04 00:00:00+00:00,3064.769230769231
2016-02-05 00:00:00+00:00,4302.923076923077
2016-02-06 00:00:00+00:00,3748.6923076923076
2016-02-07 00:00:00+00:00,3884.0
2016-02-08 00:00:00+00:00,3776.3846153846152
2016-02-09 00:00:00+00:00,3444.4615384615386
2016-02-10 00:00:00+00:00,2985.230769230769
2016-02-11 00:00:00+00:00,1927.3076923076924
2016-02-12 00:00:00+00:00,940.3076923076923
2016-02-13 00:00:00+00:00,546.7692307692307
2016-02-14 00:00:00+00:00,849.2307692307693
2016-02-15 00:00:00+00:00,1644.0
2016-02-16 00:00:00+00:00,2808.230769230769
2016-02-17 00:00:00+00:00,2694.3846153846152
2016-02-18 00:00:00+00:00,932.1538461538462
2016-02-19 00:00:00+00:00,1885.1538461538462
2016-02-20 00:00:00+00:00,2743.0
2016-02-21 00:00:00+00:00,1676.5384615384614
2016-02-22 00:00:00+00:00,1947.1538461538462
2016-02-23 00:00:00+00:00,2435.923076923077
2016-02-24 00:00:00+00:00,1353.3076923076924
2016-02-25 00:00:00+00:00,1620.4615384615386
2016-02-26 00:00:00+00:00,612.7692307692307
2016-02-27 00:00:00+00:00,1205.6153846153845
2016-02-28 00:00:00+00:00,1677.076923076923
2016-02-29 00:00:00+00:00,2668.076923076923
2016-03-01 00:00:00+00:00,318.0769230769231
2016-03-02 00:00:00+00:00,1229.1538461538462
2016-03-03 00:00:00+00:00,3215.0
2016-03-04 00:00:00+00:00,1652.0
2016-03-05 00:00:00+00:00,4288.7692307692305
2016-03-06 00:00:00+00:00,3503.769230769231
2016-03-07 00:00:00+00:00,3751.3076923076924
2016-03-08 00:00:00+00:00,3699.076923076923
2016-03-09 00:00:00+00:00,3134.6923076923076
2016-03-10 00:00:00+00:00,3037.6923076923076
2016-03-11 00:00:00+00:00,1248.923076923077
2016-03-12 00:00:00+00:00,576.3076923076923
2016-03-13 00:00:00+00:00,3601.4615384615386
2016-03-14 00:00:00+00:00,2656.6153846153848
2016-03-15 00:00:00+00:00,1419.0
2016-03-16 00:00:00+00:00,2311.230769230769
2016-03-17 00:00:00+00:00,2361.153846153846
2016-03-18 00:00:00+00:00,1106.076923076923
2016-03-19 00:00:00+00:00,1312.7692307692307
2016-03-20 00:00:00+00:00,1758.8461538461538
2016-03-21 00:00:00+00:00,1208.2307692307693
2016-03-22 00:00:00+00:00,1326.3846153846155
2016-03-23 00:00:00+00:00,2278.153846153846
2016-03-24 00:00:00+00:00,3795.846153846154
2016-03-25 00:00:00+00:00,2559.6153846153848
2016-03-26 00:00:00+00:00,2052.076923076923
2016-03-27 00:00:00+00:00,2491.769230769231
2016-03-28 00:00:00+00:00,1798.3846153846155
2016-03-29 00:00:00+00:00,3092.6153846153848
2016-03-30 00:00:00+00:00,3377.3076923076924
2016-03-31 00:00:00+00:00,2315.0
2016-04-01 00:00:00+00:00,315.9230769230769
2016-04-02 00:00:00+00:00,2263.3076923076924
2016-04-03 00:00:00+00:00,2294.5384615384614
2016-04-04 00:00:00+00:00,472.0769230769231
2016-04-05 00:00:00+00:00,2749.6153846153848
2016-04-06 00:00:00+00:00,3629.4615384615386
2016-04-07 00:00:00+00:00,3566.846153846154
2016-04-08 00:00:00+00:00,3709.769230769231
2016-04-09 00:00:00+00:00,3218.6923076923076
2016-04-10 00:00:00+00:00,2776.6153846153848
2016-04-11 00:00:00+00:00,353.46153846153845
2016-04-12 00:00:00+00:00,359.9230769230769
2016-04-13 00:00:00+00:00,2321.6923076923076
2016-04-14 00:00:00+00:00,3281.846153846154
2016-04-15 00:00:00+00:00,2522.3846153846152
2016-04-16 00:00:00+00:00,1504.2307692307693
2016-04-17 00:00:00+00:00,2583.923076923077
2016-04-18 00:00:00+00:00,3107.153846153846
2016-04-19 00:00:00+00:00,1005.7692307692307
2016-04-20 00:00:00+00:00,948.5384615384615
2016-04-21 00:00:00+00:00,2374.4615384615386
2016-04-22 00:00:00+00:00,1744.1538461538462
2016-04-23 00:00:00+00:00,1916.3846153846155
2016-04-24 00:00:00+00:00,3684.3846153846152
2016-04-25 00:00:00+00:00,4176.153846153846
2016-04-26 00:00:00+00:00,4066.3846153846152
2016-04-27 00:00:00+00:00,2572.5384615384614
2016-04-28 00:00:00+00:00,2745.6923076923076
2016-04-29 00:00:00+00:00,1634.3076923076924
2016-04-30 00:00:00+00:00,3508.0
2016-05-01 00:00:00+00:00,1006.3076923076923
2016-05-02 00:00:00+00:00,1379.3846153846155
2016-05-03 00:00:00+00:00,2542.153846153846
2016-05-04 00:00:00+00:00,2224.769230769231
2016-05-05 00:00:00+00:00,1087.6153846153845
2016-05-06 00:00:00+00:00,3712.6923076923076
2016-05-07 00:00:00+00:00,3660.5384615384614
2016-05-08 00:00:00+00:00,3809.153846153846
2016-05-09 00:00:00+00:00,3253.153846153846
2016-05-10 00:00:00+00:00,2469.3846153846152
2016-05-11 00:00:00+00:00,667.8461538461538
2016-05-12 00:00:00+00:00,811.6153846153846
2016-05-13 00:00:00+00:00,1917.923076923077
2016-05-14 00:00:00+00:00,2597.3076923076924
2016-05-15 00:00:00+00:00,2929.076923076923
2016-05-16 00:00:00+00:00,3750.4615384615386
2016-05-17 00:00:00+00:00,3184.6923076923076
2016-05-18 00:00:00+00:00,3759.769230769231
2016-05-19 00:00:00+00:00,4190.846153846154
2016-05-20 00:00:00+00:00,4288.2307692307695
2016-05-21 00:00:00+00:00,3816.0
2016-05-22 00:00:00+00:00,3013.846153846154
2016-05-23 00:00:00+00:00,3325.076923076923
2016-05-24 00:00:00+00:00,3213.4615384615386
2016-05-25 00:00:00+00:00,2722.3076923076924
2016-05-26 00:00:00+00:00,3216.923076923077
2016-05-27 00:00:00+00:00,3631.6153846153848
2016-05-28 00:00:00+00:00,2224.6153846153848
2016-05-29 00:00:00+00:00,2676.923076923077
2016-05-30 00:00:00+00:00,3539.230769230769
2016-05-31 00:00:00+00:00,4119.538461538462
2016-06-01 00:00:00+00:00,728.3846153846154
2016-06-02 00:00:00+00:00,925.3076923076923
2016-06-03 00:00:00+00:00,2837.230769230769
2016-06-04 00:00:00+00:00,3484.6923076923076
2016-06-05 00:00:00+00:00,1118.2307692307693
2016-06-06 00:00:00+00:00,3794.4615384615386
2016-06-07 00:00:00+00:00,3339.846153846154
2016-06-08 00:00:00+00:00,3922.153846153846
2016-06-09 00:00:00+00:00,3206.4615384615386
2016-06-10 00:00:00+00:00,2625.3076923076924
2016-06-11 00:00:00+00:00,2160.846153846154
2016-06-12 00:00:00+00:00,1528.5384615384614
2016-06-13 00:00:00+00:00,4088.3076923076924
2016-06-14 00:00:00+00:00,4012.153846153846
2016-06-15 00:00:00+00:00,2815.153846153846
2016-06-16 00:00:00+00:00,2450.769230769231
2016-06-17 00:00:00+00:00,3775.5384615384614
2016-06-18 00:00:00+00:00,3958.6153846153848
2016-06-19 00:00:00+00:00,4277.692307692308
2016-06-20 00:00:00+00:00,4277.307692307692
2016-06-21 00:00:00+00:00,4257.615384615385
2016-06-22 00:00:00+00:00,4285.538461538462
2016-06-23 00:00:00+00:00,4154.538461538462
2016-06-24 00:00:00+00:00,3889.0
2016-06-25 00:00:00+00:00,3934.923076923077
2016-06-26 00:00:00+00:00,3743.0
2016-06-27 00:00:00+00:00,3831.4615384615386
2016-06-28 00:00:00+00:00,2145.3846153846152
2016-06-29 00:00:00+00:00,3445.153846153846
2016-06-30 00:00:00+00:00,3854.153846153846
2016-07-01 00:00:00+00:00,508.38461538461536
2016-07-02 00:00:00+00:00,1516.3076923076924
2016-07-03 00:00:00+00:00,1384.5384615384614
2016-07-04 00:00:00+00:00,3807.0
2016-07-05 00:00:00+00:00,1076.3076923076924
2016-07-06 00:00:00+00:00,4146.153846153846
2016-07-07 00:00:00+00:00,1383.0
2016-07-08 00:00:00+00:00,3927.6923076923076
2016-07-09 00:00:00+00:00,3181.5384615384614
2016-07-10 00:00:00+00:00,2808.076923076923
2016-07-11 00:00:00+00:00,2144.230769230769
2016-07-12 00:00:00+00:00,1269.1538461538462
2016-07-13 00:00:00+00:00,3943.846153846154
2016-07-14 00:00:00+00:00,3947.3076923076924
2016-07-15 00:00:00+00:00,4082.923076923077
2016-07-16 00:00:00+00:00,4171.923076923077
2016-07-17 00:00:00+00:00,4069.076923076923
2016-07-18 00:00:00+00:00,4060.923076923077
2016-07-19 00:00:00+00:00,2544.3076923076924
2016-07-20 00:00:00+00:00,1947.2307692307693
2016-07-21 00:00:00+00:00,3634.6923076923076
2016-07-22 00:00:00+00:00,4009.230769230769
2016-07-23 00:00:00+00:00,4028.153846153846
2016-07-24 00:00:00+00:00,4061.923076923077
2016-07-25 00:00:00+00:00,4080.3846153846152
2016-07-26 00:00:00+00:00,3962.846153846154
2016-07-27 00:00:00+00:00,3856.923076923077
2016-07-28 00:00:00+00:00,3849.076923076923
2016-07-29 00:00:00+00:00,3505.076923076923
2016-07-30 00:00:00+00:00,3587.846153846154
2016-07-31 00:00:00+00:00,3405.846153846154
2016-08-01 00:00:00+00:00,738.0
2016-08-02 00:00:00+00:00,935.3846153846154
2016-08-03 00:00:00+00:00,2855.6153846153848
2016-08-04 00:00:00+00:00,3643.5384615384614
2016-08-05 00:00:00+00:00,770.3846153846154
2016-08-06 00:00:00+00:00,4023.230769230769
2016-08-07 00:00:00+00:00,3684.846153846154
2016-08-08 00:00:00+00:00,3997.846153846154
2016-08-09 00:00:00+00:00,3307.3076923076924
2016-08-10 00:00:00+00:00,2657.846153846154
2016-08-11 00:00:00+00:00,2389.5384615384614
2016-08-12 00:00:00+00:00,1243.4615384615386
2016-08-13 00:00:00+00:00,3927.3846153846152
2016-08-14 00:00:00+00:00,3656.0
2016-08-15 00:00:00+00:00,2420.230769230769
2016-08-16 00:00:00+00:00,2836.076923076923
2016-08-17 00:00:00+00:00,3564.076923076923
2016-08-18 00:00:00+00:00,3901.4615384615386
2016-08-19 00:00:00+00:00,3834.076923076923
2016-08-20 00:00:00+00:00,3776.846153846154
2016-08-21 00:00:00+00:00,3690.846153846154
2016-08-22 00:00:00+00:00,3771.076923076923
2016-08-23 00:00:00+00:00,3705.3846153846152
2016-08-24 00:00:00+00:00,3710.6153846153848
2016-08-25 00:00:00+00:00,3387.3846153846152
2016-08-26 00:00:00+00:00,2874.5384615384614
2016-08-27 00:00:00+00:00,3082.6153846153848
2016-08-28 00:00:00+00:00,3162.076923076923
2016-08-29 00:00:00+00:00,3489.5384615384614
2016-08-30 00:00:00+00:00,3543.769230769231
2016-08-31 00:00:00+00:00,3281.6923076923076
2016-09-01 00:00:00+00:00,949.3076923076923
2016-09-02 00:00:00+00:00,644.3076923076923
2016-09-03 00:00:00+00:00,1143.1538461538462
2016-09-04 00:00:00+00:00,3891.769230769231
2016-09-05 00:00:00+00:00,1194.7692307692307
2016-09-06 00:00:00+00:00,3585.3846153846152
2016-09-07 00:00:00+00:00,3936.3846153846152
2016-09-08 00:00:00+00:00,3628.153846153846
2016-09-09 00:00:00+00:00,3420.3076923076924
2016-09-10 00:00:00+00:00,2794.3846153846152
2016-09-11 00:00:00+00:00,756.7692307692307
2016-09-12 00:00:00+00:00,1408.8461538461538
2016-09-13 00:00:00+00:00,1706.0
2016-09-14 00:00:00+00:00,2613.846153846154
2016-09-15 00:00:00+00:00,2172.846153846154
2016-09-16 00:00:00+00:00,3510.6153846153848
2016-09-17 00:00:00+00:00,3101.3076923076924
2016-09-18 00:00:00+00:00,3495.4615384615386
2016-09-19 00:00:00+00:00,3040.230769230769
2016-09-20 00:00:00+00:00,2820.0
2016-09-21 00:00:00+00:00,3485.5384615384614
2016-09-22 00:00:00+00:00,2764.0
2016-09-23 00:00:00+00:00,3059.4615384615386
2016-09-24 00:00:00+00:00,3209.153846153846
2016-09-25 00:00:00+00:00,2375.4615384615386
2016-09-26 00:00:00+00:00,2238.923076923077
2016-09-27 00:00:00+00:00,3185.0
2016-09-28 00:00:00+00:00,2884.230769230769
2016-09-29 00:00:00+00:00,3069.5384615384614
2016-09-30 00:00:00+00:00,3128.4615384615386
2016-10-01 00:00:00+00:00,562.8461538461538
2016-10-02 00:00:00+00:00,493.2307692307692
2016-10-03 00:00:00+00:00,2661.076923076923
2016-10-04 00:00:00+00:00,1527.3076923076924
2016-10-05 00:00:00+00:00,868.8461538461538
2016-10-06 00:00:00+00:00,3605.923076923077
2016-10-07 00:00:00+00:00,3810.3846153846152
2016-10-08 00:00:00+00:00,3113.846153846154
2016-10-09 00:00:00+00:00,3375.0
2016-10-10 00:00:00+00:00,2888.076923076923
2016-10-11 00:00:00+00:00,2227.076923076923
2016-10-12 00:00:00+00:00,1332.1538461538462
2016-10-13 00:00:00+00:00,972.3076923076923
2016-10-14 00:00:00+00:00,1965.1538461538462
2016-10-15 00:00:00+00:00,2907.0
2016-10-16 00:00:00+00:00,1750.5384615384614
2016-10-17 00:00:00+00:00,1257.5384615384614
2016-10-18 00:00:00+00:00,990.8461538461538
2016-10-19 00:00:00+00:00,929.8461538461538
2016-10-20 00:00:00+00:00,1077.0
2016-10-21 00:00:00+00:00,1024.923076923077
2016-10-22 00:00:00+00:00,599.6923076923077
2016-10-23 00:00:00+00:00,835.1538461538462
2016-10-24 00:00:00+00:00,676.4615384615385
2016-10-25 00:00:00+00:00,761.8461538461538
2016-10-26 00:00:00+00:00,1572.7692307692307
2016-10-27 00:00:00+00:00,1598.3076923076924
2016-10-28 00:00:00+00:00,1964.4615384615386
2016-10-29 00:00:00+00:00,2479.230769230769
2016-10-30 00:00:00+00:00,2620.230769230769
2016-10-31 00:00:00+00:00,2409.6923076923076
2016-11-01 00:00:00+00:00,671.3076923076923
2016-11-02 00:00:00+00:00,798.9230769230769
2016-11-03 00:00:00+00:00,3442.153846153846
2016-11-04 00:00:00+00:00,1671.3846153846155
2016-11-05 00:00:00+00:00,1713.0
2016-11-06 00:00:00+00:00,3828.5384615384614
2016-11-07 00:00:00+00:00,3718.846153846154
2016-11-08 00:00:00+00:00,3653.3846153846152
2016-11-09 00:00:00+00:00,3221.076923076923
2016-11-10 00:00:00+00:00,2655.3846153846152
2016-11-11 00:00:00+00:00,1974.6153846153845
2016-11-12 00:00:00+00:00,1421.3846153846155
2016-11-13 00:00:00+00:00,1670.076923076923
2016-11-14 00:00:00+00:00,2194.076923076923
2016-11-15 00:00:00+00:00,2301.153846153846
2016-11-16 00:00:00+00:00,2356.923076923077
2016-11-17 00:00:00+00:00,2303.153846153846
2016-11-18 00:00:00+00:00,1420.6153846153845
2016-11-19 00:00:00+00:00,1711.2307692307693
2016-11-20 00:00:00+00:00,344.15384615384613
2016-11-21 00:00:00+00:00,472.7692307692308
2016-11-22 00:00:00+00:00,336.0
2016-11-23 00:00:00+00:00,766.2307692307693
2016-11-24 00:00:00+00:00,963.3076923076923
2016-11-25 00:00:00+00:00,640.4615384615385
2016-11-26 00:00:00+00:00,301.61538461538464
2016-11-27 00:00:00+00:00,307.84615384615387
2016-11-28 00:00:00+00:00,844.9230769230769
2016-11-29 00:00:00+00:00,1062.8461538461538
2016-11-30 00:00:00+00:00,818.6153846153846
2016-12-01 00:00:00+00:00,1549.3846153846155
2016-12-02 00:00:00+00:00,380.6923076923077
2016-12-03 00:00:00+00:00,3627.769230769231
2016-12-04 00:00:00+00:00,1618.7692307692307
2016-12-05 00:00:00+00:00,1522.3076923076924
2016-12-06 00:00:00+00:00,3599.5384615384614
2016-12-07 00:00:00+00:00,3935.0
2016-12-08 00:00:00+00:00,3748.3076923076924
2016-12-09 00:00:00+00:00,3266.230769230769
2016-12-10 00:00:00+00:00,428.53846153846155
2016-12-11 00:00:00+00:00,1344.6153846153845
2016-12-12 00:00:00+00:00,1381.7692307692307
2016-12-13 00:00:00+00:00,981.6923076923077
2016-12-14 00:00:00+00:00,445.9230769230769
2016-12-15 00:00:00+00:00,460.46153846153845
2016-12-16 00:00:00+00:00,277.53846153846155
2016-12-17 00:00:00+00:00,542.4615384615385
2016-12-18 00:00:00+00:00,809.4615384615385
2016-12-19 00:00:00+00:00,786.0
2016-12-20 00:00:00+00:00,1221.923076923077
2016-12-21 00:00:00+00:00,1367.5384615384614
2016-12-22 00:00:00+00:00,1467.076923076923
2016-12-23 00:00:00+00:00,1693.1538461538462
2016-12-24 00:00:00+00:00,1548.0
2016-12-25 00:00:00+00:00,1672.6153846153845
2016-12-26 00:00:00+00:00,1618.923076923077
2016-12-27 00:00:00+00:00,1493.7692307692307
2016-12-28 00:00:00+00:00,1244.2307692307693
2016-12-29 00:00:00+00:00,1777.6923076923076
2016-12-30 00:00:00+00:00,1517.1538461538462
2016-12-31 00:00:00+00:00,1490.6153846153845
2017-01-01 00:00:00+00:00,1268.6153846153845
2017-01-02 00:00:00+00:00,1015.9230769230769
2017-01-03 00:00:00+00:00,2307.3076923076924
2017-01-04 00:00:00+00:00,3322.3846153846152
2017-01-05 00:00:00+00:00,3954.6153846153848
2017-01-06 00:00:00+00:00,3493.153846153846
2017-01-07 00:00:00+00:00,3739.846153846154
2017-01-08 00:00:00+00:00,2322.5384615384614
2017-01-09 00:00:00+00:00,3341.3846153846152
2017-01-10 00:00:00+00:00,1809.6153846153845
2017-01-11 00:00:00+00:00,1946.1538461538462
2017-01-12 00:00:00+00:00,1680.2307692307693
2017-01-13 00:00:00+00:00,1775.0
2017-01-14 00:00:00+00:00,1998.923076923077
2017-01-15 00:00:00+00:00,1717.1538461538462
2017-01-16 00:00:00+00:00,1883.5384615384614
2017-01-17 00:00:00+00:00,1894.6153846153845
2017-01-18 00:00:00+00:00,1753.0
2017-01-19 00:00:00+00:00,853.3076923076923
2017-01-20 00:00:00+00:00,565.0769230769231
2017-01-21 00:00:00+00:00,1303.0
2017-01-22 00:00:00+00:00,1485.076923076923
2017-01-23 00:00:00+00:00,1819.5384615384614
2017-01-24 00:00:00+00:00,2108.846153846154
2017-01-25 00:00:00+00:00,2231.846153846154
2017-01-26 00:00:00+00:00,738.6153846153846
2017-01-27 00:00:00+00:00,559.6153846153846
2017-01-28 00:00:00+00:00,1665.6153846153845
2017-01-29 00:00:00+00:00,983.7692307692307
2017-01-30 00:00:00+00:00,1333.0
2017-01-31 00:00:00+00:00,1595.1538461538462
2017-02-01 00:00:00+00:00,1034.4615384615386
2017-02-02 00:00:00+00:00,431.0
2017-02-03 00:00:00+00:00,2699.3846153846152
2017-02-04 00:00:00+00:00,3508.4615384615386
2017-02-05 00:00:00+00:00,3801.3846153846152
2017-02-06 00:00:00+00:00,3272.3076923076924
2017-02-07 00:00:00+00:00,3976.5384615384614
2017-02-08 00:00:00+00:00,3438.4615384615386
2017-02-09 00:00:00+00:00,3425.0
2017-02-10 00:00:00+00:00,2938.5384615384614
2017-02-11 00:00:00+00:00,1010.2307692307693
2017-02-12 00:00:00+00:00,1928.2307692307693
2017-02-13 00:00:00+00:00,927.1538461538462
2017-02-14 00:00:00+00:00,1456.076923076923
2017-02-15 00:00:00+00:00,1778.8461538461538
2017-02-16 00:00:00+00:00,1728.4615384615386
2017-02-17 00:00:00+00:00,2278.230769230769
2017-02-18 00:00:00+00:00,1468.8461538461538
2017-02-19 00:00:00+00:00,1460.076923076923
2017-02-20 00:00:00+00:00,1969.2307692307693
2017-02-21 00:00:00+00:00,1933.1538461538462
2017-02-22 00:00:00+00:00,1524.6153846153845
2017-02-23 00:00:00+00:00,619.0769230769231
2017-02-24 00:00:00+00:00,1116.0
2017-02-25 00:00:00+00:00,1929.6923076923076
2017-02-26 00:00:00+00:00,1600.1538461538462
2017-02-27 00:00:00+00:00,1395.6923076923076
2017-02-28 00:00:00+00:00,1096.8461538461538
2017-03-01 00:00:00+00:00,804.6923076923077
2017-03-02 00:00:00+00:00,788.3076923076923
2017-03-03 00:00:00+00:00,856.6923076923077
2017-03-04 00:00:00+00:00,3564.153846153846
2017-03-05 00:00:00+00:00,3916.6153846153848
2017-03-06 00:00:00+00:00,3302.6923076923076
2017-03-07 00:00:00+00:00,4039.6923076923076
2017-03-08 00:00:00+00:00,3827.3076923076924
2017-03-09 00:00:00+00:00,2787.230769230769
2017-03-10 00:00:00+00:00,3109.769230769231
2017-03-11 00:00:00+00:00,1007.0
2017-03-12 00:00:00+00:00,2087.076923076923
2017-03-13 00:00:00+00:00,865.2307692307693
2017-03-14 00:00:00+00:00,1198.4615384615386
2017-03-15 00:00:00+00:00,2667.5384615384614
2017-03-16 00:00:00+00:00,2747.6923076923076
2017-03-17 00:00:00+00:00,2609.4615384615386
2017-03-18 00:00:00+00:00,3324.846153846154
2017-03-19 00:00:00+00:00,3351.769230769231
2017-03-20 00:00:00+00:00,3046.923076923077
2017-03-21 00:00:00+00:00,1643.3076923076924
2017-03-22 00:00:00+00:00,1818.5384615384614
2017-03-23 00:00:00+00:00,1942.0
2017-03-24 00:00:00+00:00,1984.7692307692307
2017-03-25 00:00:00+00:00,1611.8461538461538
2017-03-26 00:00:00+00:00,1968.076923076923
2017-03-27 00:00:00+00:00,1396.0
2017-03-28 00:00:00+00:00,2857.230769230769
2017-03-29 00:00:00+00:00,3505.3846153846152
2017-03-30 00:00:00+00:00,2646.076923076923
2017-03-31 00:00:00+00:00,2854.076923076923
2017-04-01 00:00:00+00:00,934.6923076923077
2017-04-02 00:00:00+00:00,644.4615384615385
2017-04-03 00:00:00+00:00,945.0769230769231
2017-04-04 00:00:00+00:00,3900.846153846154
2017-04-05 00:00:00+00:00,2456.230769230769
2017-04-06 00:00:00+00:00,3011.5384615384614
2017-04-07 00:00:00+00:00,4160.384615384615
2017-04-08 00:00:00+00:00,3897.0
2017-04-09 00:00:00+00:00,3711.4615384615386
2017-04-10 00:00:00+00:00,2898.0
2017-04-11 00:00:00+00:00,838.9230769230769
2017-04-12 00:00:00+00:00,1987.6923076923076
2017-04-13 00:00:00+00:00,3393.3846153846152
2017-04-14 00:00:00+00:00,3159.153846153846
2017-04-15 00:00:00+00:00,3168.0
2017-04-16 00:00:00+00:00,2958.5384615384614
2017-04-17 00:00:00+00:00,3620.3846153846152
2017-04-18 00:00:00+00:00,3521.769230769231
2017-04-19 00:00:00+00:00,2387.846153846154
2017-04-20 00:00:00+00:00,2670.153846153846
2017-04-21 00:00:00+00:00,3414.4615384615386
2017-04-22 00:00:00+00:00,2839.230769230769
2017-04-23 00:00:00+00:00,3226.230769230769
2017-04-24 00:00:00+00:00,2522.230769230769
2017-04-25 00:00:00+00:00,2018.6923076923076
2017-04-26 00:00:00+00:00,1682.0
2017-04-27 00:00:00+00:00,1948.0
2017-04-28 00:00:00+00:00,1218.6153846153845
2017-04-29 00:00:00+00:00,1338.3076923076924
2017-04-30 00:00:00+00:00,1593.7692307692307
2017-05-01 00:00:00+00:00,1461.3076923076924
2017-05-02 00:00:00+00:00,1357.0
2017-05-03 00:00:00+00:00,763.5384615384615
2017-05-04 00:00:00+00:00,3788.230769230769
2017-05-05 00:00:00+00:00,1986.6923076923076
2017-05-06 00:00:00+00:00,4145.615384615385
2017-05-07 00:00:00+00:00,3607.5384615384614
2017-05-08 00:00:00+00:00,3827.6153846153848
2017-05-09 00:00:00+00:00,3711.0
2017-05-10 00:00:00+00:00,3139.230769230769
2017-05-11 00:00:00+00:00,1887.0
2017-05-12 00:00:00+00:00,1952.6153846153845
2017-05-13 00:00:00+00:00,2344.0
2017-05-14 00:00:00+00:00,3802.6923076923076
2017-05-15 00:00:00+00:00,3228.5384615384614
2017-05-16 00:00:00+00:00,3143.769230769231
2017-05-17 00:00:00+00:00,2901.5384615384614
2017-05-18 00:00:00+00:00,3524.6923076923076
2017-05-19 00:00:00+00:00,4340.692307692308
2017-05-20 00:00:00+00:00,4359.0
2017-05-21 00:00:00+00:00,1502.4615384615386
2017-05-22 00:00:00+00:00,3933.6923076923076
2017-05-23 00:00:00+00:00,4155.153846153846
2017-05-24 00:00:00+00:00,3951.6923076923076
2017-05-25 00:00:00+00:00,3738.6153846153848
2017-05-26 00:00:00+00:00,3038.230769230769
2017-05-27 00:00:00+00:00,3198.076923076923
2017-05-28 00:00:00+00:00,2002.7692307692307
2017-05-29 00:00:00+00:00,2452.153846153846
2017-05-30 00:00:00+00:00,3416.923076923077
2017-05-31 00:00:00+00:00,3827.0
2017-06-01 00:00:00+00:00,1649.5384615384614
2017-06-02 00:00:00+00:00,2012.4615384615386
2017-06-03 00:00:00+00:00,1684.923076923077
2017-06-04 00:00:00+00:00,3932.769230769231
2017-06-05 00:00:00+00:00,3651.5384615384614
2017-06-06 00:00:00+00:00,4166.076923076923
2017-06-07 00:00:00+00:00,1487.0
2017-06-08 00:00:00+00:00,3804.769230769231
2017-06-09 00:00:00+00:00,3419.153846153846
2017-06-10 00:00:00+00:00,3170.3846153846152
2017-06-11 00:00:00+00:00,2496.6923076923076
2017-06-12 00:00:00+00:00,1781.923076923077
2017-06-13 00:00:00+00:00,4004.4615384615386
2017-06-14 00:00:00+00:00,3901.769230769231
2017-06-15 00:00:00+00:00,3688.076923076923
2017-06-16 00:00:00+00:00,3692.769230769231
2017-06-17 00:00:00+00:00,3656.846153846154
2017-06-18 00:00:00+00:00,3528.3846153846152
2017-06-19 00:00:00+00:00,3078.0
2017-06-20 00:00:00+00:00,3545.0
2017-06-21 00:00:00+00:00,3734.6923076923076
2017-06-22 00:00:00+00:00,3852.0
2017-06-23 00:00:00+00:00,4074.4615384615386
2017-06-24 00:00:00+00:00,3271.5384615384614
2017-06-25 00:00:00+00:00,1862.6923076923076
2017-06-26 00:00:00+00:00,3902.076923076923
2017-06-27 00:00:00+00:00,3216.3846153846152
2017-06-28 00:00:00+00:00,2787.4615384615386
2017-06-29 00:00:00+00:00,3708.6923076923076
2017-06-30 00:00:00+00:00,3822.5384615384614
2017-07-01 00:00:00+00:00,1702.6153846153845
2017-07-02 00:00:00+00:00,1016.6153846153846
2017-07-03 00:00:00+00:00,2451.769230769231
2017-07-04 00:00:00+00:00,4011.4615384615386
2017-07-05 00:00:00+00:00,4249.2307692307695
2017-07-06 00:00:00+00:00,4265.307692307692
2017-07-07 00:00:00+00:00,2462.6923076923076
2017-07-08 00:00:00+00:00,3227.3846153846152
2017-07-09 00:00:00+00:00,3260.6923076923076
2017-07-10 00:00:00+00:00,3075.0
2017-07-11 00:00:00+00:00,2514.3846153846152
2017-07-12 00:00:00+00:00,1562.923076923077
2017-07-13 00:00:00+00:00,3488.076923076923
2017-07-14 00:00:00+00:00,3809.923076923077
2017-07-15 00:00:00+00:00,3822.4615384615386
2017-07-16 00:00:00+00:00,3976.3076923076924
2017-07-17 00:00:00+00:00,2797.0
2017-07-18 00:00:00+00:00,2999.0
2017-07-19 00:00:00+00:00,3776.230769230769
2017-07-20 00:00:00+00:00,3887.923076923077
2017-07-21 00:00:00+00:00,3898.769230769231
2017-07-22 00:00:00+00:00,3995.6923076923076
2017-07-23 00:00:00+00:00,3765.846153846154
2017-07-24 00:00:00+00:00,4003.6153846153848
2017-07-25 00:00:00+00:00,3960.153846153846
2017-07-26 00:00:00+00:00,3802.0
2017-07-27 00:00:00+00:00,3850.923076923077
2017-07-28 00:00:00+00:00,3933.4615384615386
2017-07-29 00:00:00+00:00,3837.230769230769
2017-07-30 00:00:00+00:00,3788.6153846153848
2017-07-31 00:00:00+00:00,3673.769230769231
2017-08-01 00:00:00+00:00,1761.0
2017-08-02 00:00:00+00:00,2517.3076923076924
2017-08-03 00:00:00+00:00,2954.923076923077
2017-08-04 00:00:00+00:00,4058.846153846154
2017-08-05 00:00:00+00:00,4093.4615384615386
2017-08-06 00:00:00+00:00,3579.923076923077
2017-08-07 00:00:00+00:00,3125.6153846153848
2017-08-08 00:00:00+00:00,3815.769230769231
2017-08-09 00:00:00+00:00,3412.5384615384614
2017-08-10 00:00:00+00:00,3099.3076923076924
2017-08-11 00:00:00+00:00,2107.3076923076924
2017-08-12 00:00:00+00:00,1319.3076923076924
2017-08-13 00:00:00+00:00,3881.4615384615386
2017-08-14 00:00:00+00:00,3494.3076923076924
2017-08-15 00:00:00+00:00,3121.076923076923
2017-08-16 00:00:00+00:00,3651.3846153846152
2017-08-17 00:00:00+00:00,3621.6153846153848
2017-08-18 00:00:00+00:00,3568.4615384615386
2017-08-19 00:00:00+00:00,3440.923076923077
2017-08-20 00:00:00+00:00,3545.0
2017-08-21 00:00:00+00:00,3685.153846153846
2017-08-22 00:00:00+00:00,3644.5384615384614
2017-08-23 00:00:00+00:00,3395.846153846154
2017-08-24 00:00:00+00:00,3414.5384615384614
2017-08-25 00:00:00+00:00,2515.153846153846
2017-08-26 00:00:00+00:00,1494.076923076923
2017-08-27 00:00:00+00:00,1214.6153846153845
2017-08-28 00:00:00+00:00,1521.3846153846155
2017-08-29 00:00:00+00:00,1761.6923076923076
2017-08-30 00:00:00+00:00,2614.3846153846152
2017-08-31 00:00:00+00:00,3322.0
2017-09-01 00:00:00+00:00,1985.8461538461538
2017-09-02 00:00:00+00:00,1660.8461538461538
2017-09-03 00:00:00+00:00,3376.846153846154
2017-09-04 00:00:00+00:00,3947.6923076923076
2017-09-05 00:00:00+00:00,3579.6923076923076
2017-09-06 00:00:00+00:00,3344.923076923077
2017-09-07 00:00:00+00:00,3596.5384615384614
2017-09-08 00:00:00+00:00,3677.076923076923
2017-09-09 00:00:00+00:00,2040.5384615384614
2017-09-10 00:00:00+00:00,3069.230769230769
2017-09-11 00:00:00+00:00,2326.3846153846152
2017-09-12 00:00:00+00:00,623.2307692307693
2017-09-13 00:00:00+00:00,3791.6923076923076
2017-09-14 00:00:00+00:00,3126.6153846153848
2017-09-15 00:00:00+00:00,3236.3076923076924
2017-09-16 00:00:00+00:00,3428.3846153846152
2017-09-17 00:00:00+00:00,3504.153846153846
2017-09-18 00:00:00+00:00,3486.3076923076924
2017-09-19 00:00:00+00:00,3470.6923076923076
2017-09-20 00:00:00+00:00,3406.6153846153848
2017-09-21 00:00:00+00:00,2969.769230769231
2017-09-22 00:00:00+00:00,2924.230769230769
2017-09-23 00:00:00+00:00,3201.0
2017-09-24 00:00:00+00:00,3348.4615384615386
2017-09-25 00:00:00+00:00,3347.230769230769
2017-09-26 00:00:00+00:00,3423.0
2017-09-27 00:00:00+00:00,1669.5384615384614
2017-09-28 00:00:00+00:00,2285.230769230769
2017-09-29 00:00:00+00:00,2970.0
2017-09-30 00:00:00+00:00,2014.5384615384614
2017-10-01 00:00:00+00:00,731.6923076923077
2017-10-02 00:00:00+00:00,872.2307692307693
2017-10-03 00:00:00+00:00,3507.076923076923
2017-10-04 00:00:00+00:00,3935.0
2017-10-05 00:00:00+00:00,1770.0
2017-10-06 00:00:00+00:00,3731.6923076923076
2017-10-07 00:00:00+00:00,4002.0
2017-10-08 00:00:00+00:00,3759.5384615384614
2017-10-09 00:00:00+00:00,3792.076923076923
2017-10-10 00:00:00+00:00,2765.0
2017-10-11 00:00:00+00:00,2306.3846153846152
2017-10-12 00:00:00+00:00,422.15384615384613
2017-10-13 00:00:00+00:00,2307.923076923077
2017-10-14 00:00:00+00:00,1624.6923076923076
2017-10-15 00:00:00+00:00,2336.0
2017-10-16 00:00:00+00:00,2224.6153846153848
2017-10-17 00:00:00+00:00,915.8461538461538
2017-10-18 00:00:00+00:00,601.9230769230769
2017-10-19 00:00:00+00:00,1463.6153846153845
2017-10-20 00:00:00+00:00,1640.7692307692307
2017-10-21 00:00:00+00:00,1688.6923076923076
2017-10-22 00:00:00+00:00,2553.923076923077
2017-10-23 00:00:00+00:00,2704.846153846154
2017-10-24 00:00:00+00:00,2787.923076923077
2017-10-25 00:00:00+00:00,2895.769230769231
2017-10-26 00:00:00+00:00,2795.769230769231
2017-10-27 00:00:00+00:00,2720.076923076923
2017-10-28 00:00:00+00:00,2561.923076923077
2017-10-29 00:00:00+00:00,2547.3846153846152
2017-10-30 00:00:00+00:00,2561.3846153846152
2017-10-31 00:00:00+00:00,2359.5384615384614
2017-11-01 00:00:00+00:00,1454.0
2017-11-02 00:00:00+00:00,580.0769230769231
2017-11-03 00:00:00+00:00,2643.5384615384614
2017-11-04 00:00:00+00:00,3933.6923076923076
2017-11-05 00:00:00+00:00,1900.0
2017-11-06 00:00:00+00:00,3888.923076923077
2017-11-07 00:00:00+00:00,3945.0
2017-11-08 00:00:00+00:00,3809.4615384615386
2017-11-09 00:00:00+00:00,3704.923076923077
2017-11-10 00:00:00+00:00,2659.6153846153848
2017-11-11 00:00:00+00:00,2292.4615384615386
2017-11-12 00:00:00+00:00,591.7692307692307
2017-11-13 00:00:00+00:00,2229.3846153846152
2017-11-14 00:00:00+00:00,2062.6923076923076
2017-11-15 00:00:00+00:00,2259.3846153846152
2017-11-16 00:00:00+00:00,2276.6923076923076
2017-11-17 00:00:00+00:00,2230.3846153846152
2017-11-18 00:00:00+00:00,2212.4615384615386
2017-11-19 00:00:00+00:00,2200.4615384615386
2017-11-20 00:00:00+00:00,2189.4615384615386
2017-11-21 00:00:00+00:00,2187.0
2017-11-22 00:00:00+00:00,1859.076923076923
2017-11-23 00:00:00+00:00,999.6153846153846
2017-11-24 00:00:00+00:00,1200.7692307692307
2017-11-25 00:00:00+00:00,453.2307692307692
2017-11-26 00:00:00+00:00,1575.5384615384614
2017-11-27 00:00:00+00:00,968.0
2017-11-28 00:00:00+00:00,537.2307692307693
2017-11-29 00:00:00+00:00,714.2307692307693
2017-11-30 00:00:00+00:00,1838.6923076923076
2017-12-01 00:00:00+00:00,1643.923076923077
2017-12-02 00:00:00+00:00,484.84615384615387
2017-12-03 00:00:00+00:00,2853.153846153846
2017-12-04 00:00:00+00:00,3918.846153846154
2017-12-05 00:00:00+00:00,1963.0
2017-12-06 00:00:00+00:00,3957.6153846153848
2017-12-07 00:00:00+00:00,3779.230769230769
2017-12-08 00:00:00+00:00,3885.0
2017-12-09 00:00:00+00:00,3523.5384615384614
2017-12-10 00:00:00+00:00,2211.076923076923
2017-12-11 00:00:00+00:00,2279.3846153846152
2017-12-12 00:00:00+00:00,1875.0
2017-12-13 00:00:00+00:00,1615.7692307692307
2017-12-14 00:00:00+00:00,631.7692307692307
2017-12-15 00:00:00+00:00,539.7692307692307
2017-12-16 00:00:00+00:00,1844.2307692307693
2017-12-17 00:00:00+00:00,1950.5384615384614
2017-12-18 00:00:00+00:00,1719.6923076923076
2017-12-19 00:00:00+00:00,1738.6153846153845
2017-12-20 00:00:00+00:00,1687.8461538461538
2017-12-21 00:00:00+00:00,1774.923076923077
2017-12-22 00:00:00+00:00,1718.8461538461538
2017-12-23 00:00:00+00:00,1534.3076923076924
2017-12-24 00:00:00+00:00,1426.8461538461538
2017-12-25 00:00:00+00:00,662.3846153846154
2017-12-26 00:00:00+00:00,452.46153846153845
2017-12-27 00:00:00+00:00,880.7692307692307
2017-12-28 00:00:00+00:00,536.0
2017-12-29 00:00:00+00:00,651.0
2017-12-30 00:00:00+00:00,1307.0
2017-12-31 00:00:00+00:00,437.46153846153845
2018-01-01 00:00:00+00:00,1452.5384615384614
2018-01-02 00:00:00+00:00,990.4615384615385
2018-01-03 00:00:00+00:00,664.3846153846154
2018-01-04 00:00:00+00:00,2972.5384615384614
2018-01-05 00:00:00+00:00,2641.230769230769
2018-01-06 00:00:00+00:00,3278.6923076923076
2018-01-07 00:00:00+00:00,2835.230769230769
2018-01-08 00:00:00+00:00,3768.4615384615386
2018-01-09 00:00:00+00:00,3343.6153846153848
2018-01-10 00:00:00+00:00,2973.0
2018-01-11 00:00:00+00:00,2113.0
2018-01-12 00:00:00+00:00,1471.3846153846155
2018-01-13 00:00:00+00:00,446.0
2018-01-14 00:00:00+00:00,649.3076923076923
2018-01-15 00:00:00+00:00,1822.6923076923076
2018-01-16 00:00:00+00:00,1798.7692307692307
2018-01-17 00:00:00+00:00,1822.0
2018-01-18 00:00:00+00:00,1902.923076923077
2018-01-19 00:00:00+00:00,1702.3076923076924
2018-01-20 00:00:00+00:00,1664.923076923077
2018-01-21 00:00:00+00:00,1778.6153846153845
2018-01-22 00:00:00+00:00,1726.8461538461538
2018-01-23 00:00:00+00:00,1606.0
2018-01-24 00:00:00+00:00,1656.923076923077
2018-01-25 00:00:00+00:00,665.4615384615385
2018-01-26 00:00:00+00:00,1648.6153846153845
2018-01-27 00:00:00+00:00,1790.2307692307693
2018-01-28 00:00:00+00:00,1334.923076923077
2018-01-29 00:00:00+00:00,1760.0
2018-01-30 00:00:00+00:00,1689.6923076923076
2018-01-31 00:00:00+00:00,1494.6153846153845
2018-02-01 00:00:00+00:00,1267.5384615384614
2018-02-02 00:00:00+00:00,1972.8461538461538
2018-02-03 00:00:00+00:00,584.9230769230769
2018-02-04 00:00:00+00:00,2411.769230769231
2018-02-05 00:00:00+00:00,3351.153846153846
2018-02-06 00:00:00+00:00,2450.6153846153848
2018-02-07 00:00:00+00:00,2880.6923076923076
2018-02-08 00:00:00+00:00,3475.4615384615386
2018-02-09 00:00:00+00:00,2841.0
2018-02-10 00:00:00+00:00,3339.769230769231
2018-02-11 00:00:00+00:00,1124.4615384615386
2018-02-12 00:00:00+00:00,1254.3846153846155
2018-02-13 00:00:00+00:00,2091.4615384615386
2018-02-14 00:00:00+00:00,1197.3076923076924
2018-02-15 00:00:00+00:00,1980.2307692307693
2018-02-16 00:00:00+00:00,2110.846153846154
2018-02-17 00:00:00+00:00,1756.7692307692307
2018-02-18 00:00:00+00:00,1981.923076923077
2018-02-19 00:00:00+00:00,2015.3076923076924
2018-02-20 00:00:00+00:00,2687.3846153846152
2018-02-21 00:00:00+00:00,2649.769230769231
2018-02-22 00:00:00+00:00,3311.0
2018-02-23 00:00:00+00:00,3390.153846153846
2018-02-24 00:00:00+00:00,2998.846153846154
2018-02-25 00:00:00+00:00,2709.153846153846
2018-02-26 00:00:00+00:00,2399.3846153846152
2018-02-27 00:00:00+00:00,791.3846153846154
2018-02-28 00:00:00+00:00,474.46153846153845
2018-03-01 00:00:00+00:00,881.0769230769231
2018-03-02 00:00:00+00:00,2240.153846153846
2018-03-03 00:00:00+00:00,900.5384615384615
2018-03-04 00:00:00+00:00,2129.769230769231
2018-03-05 00:00:00+00:00,3125.0
2018-03-06 00:00:00+00:00,2909.230769230769
2018-03-07 00:00:00+00:00,3921.153846153846
2018-03-08 00:00:00+00:00,3384.6153846153848
2018-03-09 00:00:00+00:00,2132.5384615384614
2018-03-10 00:00:00+00:00,3383.0
2018-03-11 00:00:00+00:00,2035.4615384615386
2018-03-12 00:00:00+00:00,1223.6153846153845
2018-03-13 00:00:00+00:00,1432.0
2018-03-14 00:00:00+00:00,684.3076923076923
2018-03-15 00:00:00+00:00,1628.8461538461538
2018-03-16 00:00:00+00:00,2134.153846153846
2018-03-17 00:00:00+00:00,906.2307692307693
2018-03-18 00:00:00+00:00,1741.6923076923076
2018-03-19 00:00:00+00:00,1149.8461538461538
2018-03-20 00:00:00+00:00,2336.6153846153848
2018-03-21 00:00:00+00:00,3617.769230769231
2018-03-22 00:00:00+00:00,3899.6923076923076
2018-03-23 00:00:00+00:00,1156.2307692307693
2018-03-24 00:00:00+00:00,2188.6923076923076
2018-03-25 00:00:00+00:00,1699.6923076923076
2018-03-26 00:00:00+00:00,3592.6153846153848
2018-03-27 00:00:00+00:00,3887.4615384615386
2018-03-28 00:00:00+00:00,3809.846153846154
2018-03-29 00:00:00+00:00,2896.153846153846
2018-03-30 00:00:00+00:00,2071.6923076923076
2018-03-31 00:00:00+00:00,3290.4615384615386
2018-04-01 00:00:00+00:00,778.6923076923077
2018-04-02 00:00:00+00:00,680.0
2018-04-03 00:00:00+00:00,1379.8461538461538
2018-04-04 00:00:00+00:00,2654.153846153846
2018-04-05 00:00:00+00:00,3580.0
2018-04-06 00:00:00+00:00,2498.3076923076924
2018-04-07 00:00:00+00:00,3892.3846153846152
2018-04-08 00:00:00+00:00,3175.0
2018-04-09 00:00:00+00:00,3011.3076923076924
2018-04-10 00:00:00+00:00,3374.846153846154
2018-04-11 00:00:00+00:00,1393.6923076923076
2018-04-12 00:00:00+00:00,1769.5384615384614
2018-04-13 00:00:00+00:00,1815.0
2018-04-14 00:00:00+00:00,3203.769230769231
2018-04-15 00:00:00+00:00,1644.6923076923076
2018-04-16 00:00:00+00:00,3006.923076923077
2018-04-17 00:00:00+00:00,3984.3076923076924
2018-04-18 00:00:00+00:00,4008.6923076923076
2018-04-19 00:00:00+00:00,3950.0
2018-04-20 00:00:00+00:00,3240.0
2018-04-21 00:00:00+00:00,1389.6153846153845
2018-04-22 00:00:00+00:00,1971.5384615384614
2018-04-23 00:00:00+00:00,1980.3846153846155
2018-04-24 00:00:00+00:00,2436.846153846154
2018-04-25 00:00:00+00:00,2673.923076923077
2018-04-26 00:00:00+00:00,3259.230769230769
2018-04-27 00:00:00+00:00,3455.3846153846152
2018-04-28 00:00:00+00:00,2801.769230769231
2018-04-29 00:00:00+00:00,2528.4615384615386
2018-04-30 00:00:00+00:00,2241.076923076923
2018-05-01 00:00:00+00:00,698.3846153846154
2018-05-02 00:00:00+00:00,820.7692307692307
2018-05-03 00:00:00+00:00,1011.8461538461538
2018-05-04 00:00:00+00:00,3314.0
2018-05-05 00:00:00+00:00,3508.4615384615386
2018-05-06 00:00:00+00:00,1467.6923076923076
2018-05-07 00:00:00+00:00,4165.2307692307695
2018-05-08 00:00:00+00:00,3575.769230769231
2018-05-09 00:00:00+00:00,2284.923076923077
2018-05-10 00:00:00+00:00,3304.3846153846152
2018-05-11 00:00:00+00:00,660.6153846153846
2018-05-12 00:00:00+00:00,1715.7692307692307
2018-05-13 00:00:00+00:00,4084.6153846153848
2018-05-14 00:00:00+00:00,3600.0
2018-05-15 00:00:00+00:00,4345.923076923077
2018-05-16 00:00:00+00:00,4331.692307692308
2018-05-17 00:00:00+00:00,3914.769230769231
2018-05-18 00:00:00+00:00,2653.153846153846
2018-05-19 00:00:00+00:00,3212.230769230769
2018-05-20 00:00:00+00:00,2308.3846153846152
2018-05-21 00:00:00+00:00,2705.846153846154
2018-05-22 00:00:00+00:00,3385.230769230769
2018-05-23 00:00:00+00:00,2156.4615384615386
2018-05-24 00:00:00+00:00,2027.5384615384614
2018-05-25 00:00:00+00:00,1914.7692307692307
2018-05-26 00:00:00+00:00,2687.769230769231
2018-05-27 00:00:00+00:00,2209.3076923076924
2018-05-28 00:00:00+00:00,2201.6153846153848
2018-05-29 00:00:00+00:00,1962.1538461538462
2018-05-30 00:00:00+00:00,1989.6923076923076
2018-05-31 00:00:00+00:00,3148.6153846153848
2018-06-01 00:00:00+00:00,526.3846153846154
2018-06-02 00:00:00+00:00,1330.6923076923076
2018-06-03 00:00:00+00:00,1211.4615384615386
2018-06-04 00:00:00+00:00,2139.3076923076924
2018-06-05 00:00:00+00:00,3221.6153846153848
2018-06-06 00:00:00+00:00,1737.6153846153845
2018-06-07 00:00:00+00:00,3955.076923076923
2018-06-08 00:00:00+00:00,3317.0
2018-06-09 00:00:00+00:00,3174.3846153846152
2018-06-10 00:00:00+00:00,3183.923076923077
2018-06-11 00:00:00+00:00,1300.6153846153845
2018-06-12 00:00:00+00:00,1737.3846153846155
2018-06-13 00:00:00+00:00,3926.0
2018-06-14 00:00:00+00:00,4110.2307692307695
2018-06-15 00:00:00+00:00,4250.846153846154
2018-06-16 00:00:00+00:00,4121.538461538462
2018-06-17 00:00:00+00:00,4139.0
2018-06-18 00:00:00+00:00,4016.6923076923076
2018-06-19 00:00:00+00:00,4206.384615384615
2018-06-20 00:00:00+00:00,3962.6923076923076
2018-06-21 00:00:00+00:00,3619.923076923077
2018-06-22 00:00:00+00:00,3729.769230769231
2018-06-23 00:00:00+00:00,3859.3846153846152
2018-06-24 00:00:00+00:00,3660.923076923077
2018-06-25 00:00:00+00:00,3456.6153846153848
2018-06-26 00:00:00+00:00,3754.5384615384614
2018-06-27 00:00:00+00:00,3761.5384615384614
2018-06-28 00:00:00+00:00,2525.923076923077
2018-06-29 00:00:00+00:00,3645.230769230769
2018-06-30 00:00:00+00:00,2345.076923076923
2018-07-01 00:00:00+00:00,569.7692307692307
2018-07-02 00:00:00+00:00,1811.076923076923
2018-07-03 00:00:00+00:00,2188.3076923076924
2018-07-04 00:00:00+00:00,884.2307692307693
2018-07-05 00:00:00+00:00,3342.846153846154
2018-07-06 00:00:00+00:00,2563.6923076923076
2018-07-07 00:00:00+00:00,3860.3846153846152
2018-07-08 00:00:00+00:00,3190.0
2018-07-09 00:00:00+00:00,2969.923076923077
2018-07-10 00:00:00+00:00,3205.153846153846
2018-07-11 00:00:00+00:00,1008.6666666666666
2018-07-12 00:00:00+00:00,1615.4615384615386
2018-07-13 00:00:00+00:00,3630.153846153846
2018-07-14 00:00:00+00:00,4041.923076923077
2018-07-15 00:00:00+00:00,3497.769230769231
2018-07-16 00:00:00+00:00,4028.3846153846152
2018-07-17 00:00:00+00:00,4140.307692307692
2018-07-18 00:00:00+00:00,4029.3076923076924
2018-07-19 00:00:00+00:00,4132.538461538462
2018-07-20 00:00:00+00:00,3818.923076923077
2018-07-21 00:00:00+00:00,4005.923076923077
2018-07-22 00:00:00+00:00,3869.3076923076924
2018-07-23 00:00:00+00:00,4116.384615384615
2018-07-24 00:00:00+00:00,4100.692307692308
2018-07-25 00:00:00+00:00,4209.153846153846
2018-07-26 00:00:00+00:00,3888.5384615384614
2018-07-27 00:00:00+00:00,4128.076923076923
2018-07-28 00:00:00+00:00,4260.2307692307695
2018-07-29 00:00:00+00:00,4187.461538461538
2018-07-30 00:00:00+00:00,4192.461538461538
2018-07-31 00:00:00+00:00,4184.076923076923
2018-08-01 00:00:00+00:00,1275.923076923077
2018-08-02 00:00:00+00:00,2475.6923076923076
2018-08-03 00:00:00+00:00,953.3846153846154
2018-08-04 00:00:00+00:00,1843.6153846153845
2018-08-05 00:00:00+00:00,2777.4615384615386
2018-08-06 00:00:00+00:00,1604.3076923076924
2018-08-07 00:00:00+00:00,4122.538461538462
2018-08-08 00:00:00+00:00,3479.153846153846
2018-08-09 00:00:00+00:00,1433.923076923077
2018-08-10 00:00:00+00:00,3113.769230769231
2018-08-11 00:00:00+00:00,671.2307692307693
2018-08-12 00:00:00+00:00,1345.4615384615386
2018-08-13 00:00:00+00:00,3865.0
2018-08-14 00:00:00+00:00,4006.0
2018-08-15 00:00:00+00:00,3749.076923076923
2018-08-16 00:00:00+00:00,2970.076923076923
2018-08-17 00:00:00+00:00,3200.076923076923
2018-08-18 00:00:00+00:00,3318.923076923077
2018-08-19 00:00:00+00:00,3485.5384615384614
2018-08-20 00:00:00+00:00,3579.5384615384614
2018-08-21 00:00:00+00:00,3734.923076923077
2018-08-22 00:00:00+00:00,3256.0
2018-08-23 00:00:00+00:00,3279.4615384615386
2018-08-24 00:00:00+00:00,3495.3846153846152
2018-08-25 00:00:00+00:00,3539.0
2018-08-26 00:00:00+00:00,3767.6153846153848
2018-08-27 00:00:00+00:00,2793.153846153846
2018-08-28 00:00:00+00:00,3155.6153846153848
2018-08-29 00:00:00+00:00,3426.4615384615386
2018-08-30 00:00:00+00:00,3408.4615384615386
2018-08-31 00:00:00+00:00,3394.153846153846
2018-09-01 00:00:00+00:00,489.38461538461536
2018-09-02 00:00:00+00:00,1616.923076923077
2018-09-03 00:00:00+00:00,1141.1538461538462
2018-09-04 00:00:00+00:00,1852.6153846153845
2018-09-05 00:00:00+00:00,2389.4615384615386
2018-09-06 00:00:00+00:00,1747.3076923076924
2018-09-07 00:00:00+00:00,4182.0
2018-09-08 00:00:00+00:00,3918.3076923076924
2018-09-09 00:00:00+00:00,1989.7692307692307
2018-09-10 00:00:00+00:00,2434.3076923076924
2018-09-11 00:00:00+00:00,1714.076923076923
2018-09-12 00:00:00+00:00,1778.1538461538462
2018-09-13 00:00:00+00:00,3187.3076923076924
2018-09-14 00:00:00+00:00,2152.3846153846152
2018-09-15 00:00:00+00:00,2324.3076923076924
2018-09-16 00:00:00+00:00,3265.076923076923
2018-09-17 00:00:00+00:00,2386.230769230769
2018-09-18 00:00:00+00:00,2837.230769230769
2018-09-19 00:00:00+00:00,3162.230769230769
2018-09-20 00:00:00+00:00,3133.3846153846152
2018-09-21 00:00:00+00:00,3284.3846153846152
2018-09-22 00:00:00+00:00,3389.230769230769
2018-09-23 00:00:00+00:00,3463.3846153846152
2018-09-24 00:00:00+00:00,3436.769230769231
2018-09-25 00:00:00+00:00,3188.846153846154
2018-09-26 00:00:00+00:00,2205.4615384615386
2018-09-27 00:00:00+00:00,3019.153846153846
2018-09-28 00:00:00+00:00,3288.153846153846
2018-09-29 00:00:00+00:00,3461.0
2018-09-30 00:00:00+00:00,3110.0
2018-10-01 00:00:00+00:00,785.5384615384615
2018-10-02 00:00:00+00:00,2206.923076923077
2018-10-03 00:00:00+00:00,1215.1538461538462
2018-10-04 00:00:00+00:00,728.3846153846154
2018-10-05 00:00:00+00:00,2856.153846153846
2018-10-06 00:00:00+00:00,2110.230769230769
2018-10-07 00:00:00+00:00,4075.6923076923076
2018-10-08 00:00:00+00:00,3824.153846153846
2018-10-09 00:00:00+00:00,3145.6153846153848
2018-10-10 00:00:00+00:00,1701.4615384615386
2018-10-11 00:00:00+00:00,643.3076923076923
2018-10-12 00:00:00+00:00,1714.5384615384614
2018-10-13 00:00:00+00:00,2715.923076923077
2018-10-14 00:00:00+00:00,1200.7692307692307
2018-10-15 00:00:00+00:00,1135.8461538461538
2018-10-16 00:00:00+00:00,1911.7692307692307
2018-10-17 00:00:00+00:00,2915.0
2018-10-18 00:00:00+00:00,925.4615384615385
2018-10-19 00:00:00+00:00,1212.6923076923076
2018-10-20 00:00:00+00:00,963.4615384615385
2018-10-21 00:00:00+00:00,1198.0
2018-10-22 00:00:00+00:00,2452.6923076923076
2018-10-23 00:00:00+00:00,1753.0
2018-10-24 00:00:00+00:00,2699.230769230769
2018-10-25 00:00:00+00:00,2618.0
2018-10-26 00:00:00+00:00,729.6923076923077
2018-10-27 00:00:00+00:00,825.1538461538462
2018-10-28 00:00:00+00:00,1505.7692307692307
2018-10-29 00:00:00+00:00,2310.769230769231
2018-10-30 00:00:00+00:00,398.61538461538464
2018-10-31 00:00:00+00:00,718.2307692307693
2018-11-01 00:00:00+00:00,1250.1538461538462
2018-11-02 00:00:00+00:00,2119.230769230769
2018-11-03 00:00:00+00:00,1378.1538461538462
2018-11-04 00:00:00+00:00,1808.4615384615386
2018-11-05 00:00:00+00:00,3399.5384615384614
2018-11-06 00:00:00+00:00,1903.3846153846155
2018-11-07 00:00:00+00:00,3471.6923076923076
2018-11-08 00:00:00+00:00,3531.6153846153848
2018-11-09 00:00:00+00:00,2830.076923076923
2018-11-10 00:00:00+00:00,941.6923076923077
2018-11-11 00:00:00+00:00,1185.3846153846155
2018-11-12 00:00:00+00:00,1052.3076923076924
2018-11-13 00:00:00+00:00,1096.4615384615386
2018-11-14 00:00:00+00:00,902.2307692307693
2018-11-15 00:00:00+00:00,985.1538461538462
2018-11-16 00:00:00+00:00,955.4615384615385
2018-11-17 00:00:00+00:00,1150.076923076923
2018-11-18 00:00:00+00:00,260.0769230769231
2018-11-19 00:00:00+00:00,519.3076923076923
2018-11-20 00:00:00+00:00,567.7692307692307
2018-11-21 00:00:00+00:00,822.2307692307693
2018-11-22 00:00:00+00:00,396.7692307692308
2018-11-23 00:00:00+00:00,932.0769230769231
2018-11-24 00:00:00+00:00,1414.6153846153845
2018-11-25 00:00:00+00:00,770.8461538461538
2018-11-26 00:00:00+00:00,1286.076923076923
2018-11-27 00:00:00+00:00,1632.0
2018-11-28 00:00:00+00:00,1844.923076923077
2018-11-29 00:00:00+00:00,1471.076923076923
2018-11-30 00:00:00+00:00,1681.2307692307693
2018-12-01 00:00:00+00:00,1439.6153846153845
2018-12-02 00:00:00+00:00,1455.7692307692307
2018-12-03 00:00:00+00:00,2196.769230769231
2018-12-04 00:00:00+00:00,1176.3076923076924
2018-12-05 00:00:00+00:00,2925.5384615384614
2018-12-06 00:00:00+00:00,3163.6923076923076
2018-12-07 00:00:00+00:00,3381.5384615384614
2018-12-08 00:00:00+00:00,3391.153846153846
2018-12-09 00:00:00+00:00,2709.4615384615386
2018-12-10 00:00:00+00:00,1986.6153846153845
2018-12-11 00:00:00+00:00,743.1538461538462
2018-12-12 00:00:00+00:00,737.2307692307693
2018-12-13 00:00:00+00:00,597.0769230769231
2018-12-14 00:00:00+00:00,1445.6153846153845
2018-12-15 00:00:00+00:00,1175.4615384615386
2018-12-16 00:00:00+00:00,723.0769230769231
2018-12-17 00:00:00+00:00,1339.1538461538462
2018-12-18 00:00:00+00:00,840.0
2018-12-19 00:00:00+00:00,994.2307692307693
2018-12-20 00:00:00+00:00,998.4615384615385
2018-12-21 00:00:00+00:00,1245.6923076923076
2018-12-22 00:00:00+00:00,1190.5384615384614
2018-12-23 00:00:00+00:00,1321.0
2018-12-24 00:00:00+00:00,1027.3846153846155
2018-12-25 00:00:00+00:00,888.6923076923077
2018-12-26 00:00:00+00:00,1147.5384615384614
2018-12-27 00:00:00+00:00,1225.5384615384614
2018-12-28 00:00:00+00:00,1001.6153846153846
2018-12-29 00:00:00+00:00,1379.7692307692307
2018-12-30 00:00:00+00:00,1925.2307692307693
2018-12-31 00:00:00+00:00,1997.923076923077
